Epochs,Resolution,Class,Class_Acuracy,Total_in_Class
1,131,32,0.0,422
1,131,39,0.0,99
1,131,54,0.0,48
1,131,28,0.0,51
1,131,21,0.0,45
1,131,18,0.0,122
1,131,2,0.0,7
1,131,35,0.0,154
1,131,59,0.0,17
1,131,19,0.0,163
1,131,31,0.0,86
1,131,61,0.0,105
1,131,10,0.0,28
1,131,1,0.0,27
1,131,38,0.0,213
1,131,17,0.0,183
1,131,56,0.0,33
1,131,6,0.0,6
1,131,45,0.0,84
1,131,23,0.0,15
1,131,40,0.0,48
1,131,7,0.0,90
1,131,58,0.0,9
1,131,30,0.0,37
1,131,8,0.0,12
1,131,4,0.0,12
1,131,12,0.0,3
1,131,47,0.0,31
1,131,57,0.0,41
1,131,44,0.0,3
1,131,24,0.0,13
1,131,13,0.0,39
1,131,41,0.0,11
1,131,16,0.0,12
1,131,29,0.0,28
1,131,22,100.0,61
1,131,14,0.0,15
1,131,27,0.0,9
1,131,53,0.0,24
1,131,51,0.0,3
1,131,37,0.0,31
1,131,55,0.0,15
1,131,46,0.0,6
1,131,60,0.0,11
1,131,0,0.0,6
1,131,43,0.0,6
1,131,25,0.0,3
1,131,42,0.0,9
1,131,34,0.0,9
1,131,3,0.0,6
1,131,20,0.0,3
1,131,49,0.0,3
1,131,5,0.0,3
2,131,27,0.0,9
2,131,32,92.65,422
2,131,38,98.59,213
2,131,61,100.0,105
2,131,10,0.0,28
2,131,31,29.07,86
2,131,17,0.0,183
2,131,39,0.0,99
2,131,19,98.16,163
2,131,45,0.0,84
2,131,18,0.0,122
2,131,28,27.45,51
2,131,35,0.0,154
2,131,53,20.83,24
2,131,13,0.0,39
2,131,21,26.67,45
2,131,54,87.5,48
2,131,57,0.0,41
2,131,49,0.0,3
2,131,8,0.0,12
2,131,1,3.7,27
2,131,22,100.0,61
2,131,7,66.67,90
2,131,34,0.0,9
2,131,47,0.0,31
2,131,56,0.0,33
2,131,16,0.0,12
2,131,40,89.58,48
2,131,37,0.0,31
2,131,14,0.0,15
2,131,55,0.0,15
2,131,60,0.0,11
2,131,0,0.0,6
2,131,59,0.0,17
2,131,30,0.0,37
2,131,43,0.0,6
2,131,42,0.0,9
2,131,25,0.0,3
2,131,2,0.0,7
2,131,23,0.0,15
2,131,24,0.0,13
2,131,41,100.0,11
2,131,5,0.0,3
2,131,46,0.0,6
2,131,4,0.0,12
2,131,20,0.0,3
2,131,58,0.0,9
2,131,12,0.0,3
2,131,29,0.0,28
2,131,51,0.0,3
2,131,6,0.0,6
2,131,44,66.67,3
2,131,3,0.0,6
3,131,8,0.0,12
3,131,19,96.32,163
3,131,13,12.82,39
3,131,32,90.52,422
3,131,37,64.52,31
3,131,40,100.0,48
3,131,38,91.55,213
3,131,18,39.34,122
3,131,47,77.42,31
3,131,28,82.35,51
3,131,45,75.0,84
3,131,22,100.0,61
3,131,4,0.0,12
3,131,35,0.65,154
3,131,57,75.61,41
3,131,10,0.0,28
3,131,7,86.67,90
3,131,17,90.16,183
3,131,39,19.19,99
3,131,61,100.0,105
3,131,21,84.44,45
3,131,55,0.0,15
3,131,59,76.47,17
3,131,56,45.45,33
3,131,6,0.0,6
3,131,46,0.0,6
3,131,30,45.95,37
3,131,31,94.19,86
3,131,29,82.14,28
3,131,54,85.42,48
3,131,0,0.0,6
3,131,53,100.0,24
3,131,51,0.0,3
3,131,3,0.0,6
3,131,27,0.0,9
3,131,44,100.0,3
3,131,16,0.0,12
3,131,5,0.0,3
3,131,2,0.0,7
3,131,60,0.0,11
3,131,42,0.0,9
3,131,49,0.0,3
3,131,14,0.0,15
3,131,1,100.0,27
3,131,41,100.0,11
3,131,23,0.0,15
3,131,34,0.0,9
3,131,25,66.67,3
3,131,24,0.0,13
3,131,20,0.0,3
3,131,58,0.0,9
3,131,43,0.0,6
3,131,12,0.0,3
4,131,38,92.02,213
4,131,17,88.52,183
4,131,23,0.0,15
4,131,32,98.1,422
4,131,18,71.31,122
4,131,45,85.71,84
4,131,31,94.19,86
4,131,53,100.0,24
4,131,35,5.84,154
4,131,40,100.0,48
4,131,22,100.0,61
4,131,28,96.08,51
4,131,6,0.0,6
4,131,19,85.89,163
4,131,61,99.05,105
4,131,55,0.0,15
4,131,27,0.0,9
4,131,54,93.75,48
4,131,1,92.59,27
4,131,56,87.88,33
4,131,30,94.59,37
4,131,37,87.1,31
4,131,24,69.23,13
4,131,2,0.0,7
4,131,39,91.92,99
4,131,41,100.0,11
4,131,16,0.0,12
4,131,57,80.49,41
4,131,0,33.33,6
4,131,59,88.24,17
4,131,60,81.82,11
4,131,7,94.44,90
4,131,13,46.15,39
4,131,10,0.0,28
4,131,21,66.67,45
4,131,12,0.0,3
4,131,34,100.0,9
4,131,58,0.0,9
4,131,29,89.29,28
4,131,5,0.0,3
4,131,8,0.0,12
4,131,3,0.0,6
4,131,43,0.0,6
4,131,14,0.0,15
4,131,47,70.97,31
4,131,4,50.0,12
4,131,20,33.33,3
4,131,42,22.22,9
4,131,51,33.33,3
4,131,49,0.0,3
4,131,44,100.0,3
4,131,46,0.0,6
4,131,25,100.0,3
5,131,39,98.99,99
5,131,38,82.63,213
5,131,19,95.71,163
5,131,61,100.0,105
5,131,28,98.04,51
5,131,18,72.95,122
5,131,47,83.87,31
5,131,23,0.0,15
5,131,30,67.57,37
5,131,32,97.63,422
5,131,16,0.0,12
5,131,31,93.02,86
5,131,55,0.0,15
5,131,56,100.0,33
5,131,17,90.71,183
5,131,2,57.14,7
5,131,35,63.64,154
5,131,25,100.0,3
5,131,29,96.43,28
5,131,24,76.92,13
5,131,4,25.0,12
5,131,37,90.32,31
5,131,27,22.22,9
5,131,22,100.0,61
5,131,54,100.0,48
5,131,14,60.0,15
5,131,60,90.91,11
5,131,13,56.41,39
5,131,10,64.29,28
5,131,7,94.44,90
5,131,40,100.0,48
5,131,0,100.0,6
5,131,8,75.0,12
5,131,58,44.44,9
5,131,41,100.0,11
5,131,45,85.71,84
5,131,1,96.3,27
5,131,21,93.33,45
5,131,57,58.54,41
5,131,53,95.83,24
5,131,59,82.35,17
5,131,3,66.67,6
5,131,43,16.67,6
5,131,51,66.67,3
5,131,20,33.33,3
5,131,34,100.0,9
5,131,44,100.0,3
5,131,49,0.0,3
5,131,12,33.33,3
5,131,6,0.0,6
5,131,5,0.0,3
5,131,42,44.44,9
5,131,46,0.0,6
6,131,17,59.02,183
6,131,19,93.25,163
6,131,55,0.0,15
6,131,45,85.71,84
6,131,38,78.87,213
6,131,23,13.33,15
6,131,40,100.0,48
6,131,39,94.95,99
6,131,32,95.97,422
6,131,28,96.08,51
6,131,35,88.31,154
6,131,47,93.55,31
6,131,54,100.0,48
6,131,44,100.0,3
6,131,57,53.66,41
6,131,13,74.36,39
6,131,7,64.44,90
6,131,24,76.92,13
6,131,61,100.0,105
6,131,25,100.0,3
6,131,31,96.51,86
6,131,18,68.03,122
6,131,29,85.71,28
6,131,22,100.0,61
6,131,21,86.67,45
6,131,51,66.67,3
6,131,41,100.0,11
6,131,14,86.67,15
6,131,10,60.71,28
6,131,27,33.33,9
6,131,16,0.0,12
6,131,37,87.1,31
6,131,53,100.0,24
6,131,1,100.0,27
6,131,0,83.33,6
6,131,2,42.86,7
6,131,30,100.0,37
6,131,42,22.22,9
6,131,4,41.67,12
6,131,59,88.24,17
6,131,60,81.82,11
6,131,56,100.0,33
6,131,8,83.33,12
6,131,20,0.0,3
6,131,12,33.33,3
6,131,5,0.0,3
6,131,58,44.44,9
6,131,46,33.33,6
6,131,3,100.0,6
6,131,34,100.0,9
6,131,49,0.0,3
6,131,43,66.67,6
6,131,6,50.0,6
7,131,30,100.0,37
7,131,17,99.45,183
7,131,38,86.38,213
7,131,19,98.16,163
7,131,53,100.0,24
7,131,59,82.35,17
7,131,1,96.3,27
7,131,41,100.0,11
7,131,55,46.67,15
7,131,54,100.0,48
7,131,32,98.34,422
7,131,10,75.0,28
7,131,8,16.67,12
7,131,4,25.0,12
7,131,37,87.1,31
7,131,61,100.0,105
7,131,31,97.67,86
7,131,16,0.0,12
7,131,35,51.95,154
7,131,7,95.56,90
7,131,29,100.0,28
7,131,18,83.61,122
7,131,47,90.32,31
7,131,21,88.89,45
7,131,57,53.66,41
7,131,39,95.96,99
7,131,23,0.0,15
7,131,13,51.28,39
7,131,43,16.67,6
7,131,40,97.92,48
7,131,60,100.0,11
7,131,28,100.0,51
7,131,24,61.54,13
7,131,2,42.86,7
7,131,22,100.0,61
7,131,42,88.89,9
7,131,45,92.86,84
7,131,46,33.33,6
7,131,34,100.0,9
7,131,56,93.94,33
7,131,44,100.0,3
7,131,58,77.78,9
7,131,0,100.0,6
7,131,14,53.33,15
7,131,5,66.67,3
7,131,20,0.0,3
7,131,25,100.0,3
7,131,27,66.67,9
7,131,51,66.67,3
7,131,12,33.33,3
7,131,6,66.67,6
7,131,3,50.0,6
7,131,49,0.0,3
8,131,35,72.08,154
8,131,28,100.0,51
8,131,22,100.0,61
8,131,21,91.11,45
8,131,32,96.21,422
8,131,39,97.98,99
8,131,18,92.62,122
8,131,45,89.29,84
8,131,56,100.0,33
8,131,10,75.0,28
8,131,42,100.0,9
8,131,29,100.0,28
8,131,17,80.33,183
8,131,19,95.09,163
8,131,31,97.67,86
8,131,40,93.75,48
8,131,59,88.24,17
8,131,7,95.56,90
8,131,38,77.93,213
8,131,1,100.0,27
8,131,24,76.92,13
8,131,2,28.57,7
8,131,54,97.92,48
8,131,30,100.0,37
8,131,61,100.0,105
8,131,5,66.67,3
8,131,16,83.33,12
8,131,4,25.0,12
8,131,57,73.17,41
8,131,47,96.77,31
8,131,53,100.0,24
8,131,14,20.0,15
8,131,13,74.36,39
8,131,37,80.65,31
8,131,23,20.0,15
8,131,6,66.67,6
8,131,41,100.0,11
8,131,43,0.0,6
8,131,55,73.33,15
8,131,34,100.0,9
8,131,60,100.0,11
8,131,8,75.0,12
8,131,49,0.0,3
8,131,58,66.67,9
8,131,44,100.0,3
8,131,3,33.33,6
8,131,12,100.0,3
8,131,27,66.67,9
8,131,0,0.0,6
8,131,51,33.33,3
8,131,46,16.67,6
8,131,20,0.0,3
8,131,25,100.0,3
9,131,22,98.36,61
9,131,32,96.92,422
9,131,19,97.55,163
9,131,21,84.44,45
9,131,35,72.73,154
9,131,39,98.99,99
9,131,37,83.87,31
9,131,18,85.25,122
9,131,38,94.37,213
9,131,61,97.14,105
9,131,29,85.71,28
9,131,56,87.88,33
9,131,31,94.19,86
9,131,14,73.33,15
9,131,7,92.22,90
9,131,4,75.0,12
9,131,13,84.62,39
9,131,2,14.29,7
9,131,60,90.91,11
9,131,20,0.0,3
9,131,46,50.0,6
9,131,28,96.08,51
9,131,40,100.0,48
9,131,17,89.62,183
9,131,57,90.24,41
9,131,47,93.55,31
9,131,1,92.59,27
9,131,34,66.67,9
9,131,24,76.92,13
9,131,8,83.33,12
9,131,41,72.73,11
9,131,42,88.89,9
9,131,10,64.29,28
9,131,45,91.67,84
9,131,54,100.0,48
9,131,16,83.33,12
9,131,0,66.67,6
9,131,59,70.59,17
9,131,53,100.0,24
9,131,27,33.33,9
9,131,12,33.33,3
9,131,25,100.0,3
9,131,30,81.08,37
9,131,5,0.0,3
9,131,58,77.78,9
9,131,55,40.0,15
9,131,23,26.67,15
9,131,44,100.0,3
9,131,43,16.67,6
9,131,6,33.33,6
9,131,49,0.0,3
9,131,3,66.67,6
9,131,51,0.0,3
10,131,54,100.0,48
10,131,7,94.44,90
10,131,45,91.67,84
10,131,38,90.61,213
10,131,19,97.55,163
10,131,17,94.54,183
10,131,37,87.1,31
10,131,35,71.43,154
10,131,32,98.58,422
10,131,61,99.05,105
10,131,22,100.0,61
10,131,29,100.0,28
10,131,28,64.71,51
10,131,56,84.85,33
10,131,18,90.16,122
10,131,2,71.43,7
10,131,31,93.02,86
10,131,60,81.82,11
10,131,57,87.8,41
10,131,13,64.1,39
10,131,40,97.92,48
10,131,25,100.0,3
10,131,42,66.67,9
10,131,39,98.99,99
10,131,46,16.67,6
10,131,53,100.0,24
10,131,59,88.24,17
10,131,47,93.55,31
10,131,41,100.0,11
10,131,10,67.86,28
10,131,30,97.3,37
10,131,14,86.67,15
10,131,4,25.0,12
10,131,21,80.0,45
10,131,3,66.67,6
10,131,49,0.0,3
10,131,1,92.59,27
10,131,16,25.0,12
10,131,55,46.67,15
10,131,44,100.0,3
10,131,58,100.0,9
10,131,27,11.11,9
10,131,6,66.67,6
10,131,24,69.23,13
10,131,23,0.0,15
10,131,34,100.0,9
10,131,5,0.0,3
10,131,20,0.0,3
10,131,43,50.0,6
10,131,8,58.33,12
10,131,12,100.0,3
10,131,51,0.0,3
10,131,0,83.33,6
11,131,35,44.16,154
11,131,17,93.99,183
11,131,7,96.67,90
11,131,21,93.33,45
11,131,32,99.29,422
11,131,38,81.22,213
11,131,53,100.0,24
11,131,39,98.99,99
11,131,61,100.0,105
11,131,18,85.25,122
11,131,45,90.48,84
11,131,19,98.77,163
11,131,29,96.43,28
11,131,57,87.8,41
11,131,31,98.84,86
11,131,10,64.29,28
11,131,59,70.59,17
11,131,37,80.65,31
11,131,28,80.39,51
11,131,1,92.59,27
11,131,40,100.0,48
11,131,60,90.91,11
11,131,56,90.91,33
11,131,13,87.18,39
11,131,54,100.0,48
11,131,47,74.19,31
11,131,3,66.67,6
11,131,22,100.0,61
11,131,5,0.0,3
11,131,30,89.19,37
11,131,55,26.67,15
11,131,49,66.67,3
11,131,42,55.56,9
11,131,6,50.0,6
11,131,8,50.0,12
11,131,58,100.0,9
11,131,14,73.33,15
11,131,44,100.0,3
11,131,23,6.67,15
11,131,25,100.0,3
11,131,24,69.23,13
11,131,2,57.14,7
11,131,16,83.33,12
11,131,41,100.0,11
11,131,12,100.0,3
11,131,34,88.89,9
11,131,20,0.0,3
11,131,27,88.89,9
11,131,51,0.0,3
11,131,0,83.33,6
11,131,4,58.33,12
11,131,43,100.0,6
11,131,46,100.0,6
12,131,58,100.0,9
12,131,57,87.8,41
12,131,17,94.54,183
12,131,45,91.67,84
12,131,38,90.61,213
12,131,32,98.34,422
12,131,7,92.22,90
12,131,21,91.11,45
12,131,18,95.9,122
12,131,53,100.0,24
12,131,61,100.0,105
12,131,35,59.09,154
12,131,31,98.84,86
12,131,40,97.92,48
12,131,29,100.0,28
12,131,10,78.57,28
12,131,56,75.76,33
12,131,59,70.59,17
12,131,37,70.97,31
12,131,39,92.93,99
12,131,2,85.71,7
12,131,20,0.0,3
12,131,19,95.71,163
12,131,54,95.83,48
12,131,16,83.33,12
12,131,23,13.33,15
12,131,22,100.0,61
12,131,8,83.33,12
12,131,27,33.33,9
12,131,25,100.0,3
12,131,47,96.77,31
12,131,3,66.67,6
12,131,4,91.67,12
12,131,46,50.0,6
12,131,28,98.04,51
12,131,41,100.0,11
12,131,34,66.67,9
12,131,13,79.49,39
12,131,43,0.0,6
12,131,1,100.0,27
12,131,30,91.89,37
12,131,55,60.0,15
12,131,24,69.23,13
12,131,0,50.0,6
12,131,14,86.67,15
12,131,5,100.0,3
12,131,6,50.0,6
12,131,51,66.67,3
12,131,44,100.0,3
12,131,49,0.0,3
12,131,12,100.0,3
12,131,42,100.0,9
12,131,60,81.82,11
13,131,17,93.99,183
13,131,18,92.62,122
13,131,45,91.67,84
13,131,61,98.1,105
13,131,6,100.0,6
13,131,39,98.99,99
13,131,44,100.0,3
13,131,19,98.77,163
13,131,35,68.18,154
13,131,56,100.0,33
13,131,32,98.1,422
13,131,23,33.33,15
13,131,1,100.0,27
13,131,22,100.0,61
13,131,37,80.65,31
13,131,4,91.67,12
13,131,38,96.71,213
13,131,25,100.0,3
13,131,28,98.04,51
13,131,49,33.33,3
13,131,31,98.84,86
13,131,5,100.0,3
13,131,16,0.0,12
13,131,24,76.92,13
13,131,34,88.89,9
13,131,60,72.73,11
13,131,8,100.0,12
13,131,13,82.05,39
13,131,43,66.67,6
13,131,21,86.67,45
13,131,59,70.59,17
13,131,53,100.0,24
13,131,57,70.73,41
13,131,7,88.89,90
13,131,29,100.0,28
13,131,2,71.43,7
13,131,10,64.29,28
13,131,14,86.67,15
13,131,54,97.92,48
13,131,58,22.22,9
13,131,20,33.33,3
13,131,30,97.3,37
13,131,55,60.0,15
13,131,40,100.0,48
13,131,41,100.0,11
13,131,47,96.77,31
13,131,3,100.0,6
13,131,27,33.33,9
13,131,46,50.0,6
13,131,42,100.0,9
13,131,0,50.0,6
13,131,12,66.67,3
13,131,51,33.33,3
14,131,32,97.87,422
14,131,61,100.0,105
14,131,41,100.0,11
14,131,7,97.78,90
14,131,38,89.67,213
14,131,47,96.77,31
14,131,22,100.0,61
14,131,35,48.05,154
14,131,55,40.0,15
14,131,40,100.0,48
14,131,51,66.67,3
14,131,45,90.48,84
14,131,18,94.26,122
14,131,58,66.67,9
14,131,54,97.92,48
14,131,17,96.17,183
14,131,31,98.84,86
14,131,23,60.0,15
14,131,34,88.89,9
14,131,53,100.0,24
14,131,19,98.77,163
14,131,29,100.0,28
14,131,39,98.99,99
14,131,28,96.08,51
14,131,10,64.29,28
14,131,0,83.33,6
14,131,13,84.62,39
14,131,21,91.11,45
14,131,37,87.1,31
14,131,43,33.33,6
14,131,30,97.3,37
14,131,14,100.0,15
14,131,1,100.0,27
14,131,56,100.0,33
14,131,60,100.0,11
14,131,46,0.0,6
14,131,8,66.67,12
14,131,57,87.8,41
14,131,2,42.86,7
14,131,24,69.23,13
14,131,3,66.67,6
14,131,49,0.0,3
14,131,12,66.67,3
14,131,42,100.0,9
14,131,59,47.06,17
14,131,44,100.0,3
14,131,16,66.67,12
14,131,27,33.33,9
14,131,6,83.33,6
14,131,4,58.33,12
14,131,5,0.0,3
14,131,25,100.0,3
14,131,20,33.33,3
15,131,38,92.49,213
15,131,30,75.68,37
15,131,61,100.0,105
15,131,6,100.0,6
15,131,17,88.52,183
15,131,22,100.0,61
15,131,7,98.89,90
15,131,28,98.04,51
15,131,59,88.24,17
15,131,32,98.58,422
15,131,39,94.95,99
15,131,35,53.25,154
15,131,19,96.93,163
15,131,31,98.84,86
15,131,3,50.0,6
15,131,13,69.23,39
15,131,18,70.49,122
15,131,60,54.55,11
15,131,45,89.29,84
15,131,41,100.0,11
15,131,53,100.0,24
15,131,40,100.0,48
15,131,4,66.67,12
15,131,1,100.0,27
15,131,10,57.14,28
15,131,37,87.1,31
15,131,23,46.67,15
15,131,2,57.14,7
15,131,21,66.67,45
15,131,47,96.77,31
15,131,29,71.43,28
15,131,57,85.37,41
15,131,56,93.94,33
15,131,43,50.0,6
15,131,51,66.67,3
15,131,16,25.0,12
15,131,54,100.0,48
15,131,58,66.67,9
15,131,8,83.33,12
15,131,0,83.33,6
15,131,27,11.11,9
15,131,14,60.0,15
15,131,44,100.0,3
15,131,24,61.54,13
15,131,20,33.33,3
15,131,55,66.67,15
15,131,49,0.0,3
15,131,46,0.0,6
15,131,34,66.67,9
15,131,42,77.78,9
15,131,25,100.0,3
15,131,12,33.33,3
15,131,5,66.67,3
16,131,38,93.43,213
16,131,39,92.93,99
16,131,53,100.0,24
16,131,17,91.26,183
16,131,35,66.88,154
16,131,31,97.67,86
16,131,32,96.21,422
16,131,45,90.48,84
16,131,61,99.05,105
16,131,19,99.39,163
16,131,22,100.0,61
16,131,54,97.92,48
16,131,21,80.0,45
16,131,7,85.56,90
16,131,29,100.0,28
16,131,18,95.08,122
16,131,1,96.3,27
16,131,57,68.29,41
16,131,10,50.0,28
16,131,6,33.33,6
16,131,27,55.56,9
16,131,30,94.59,37
16,131,14,100.0,15
16,131,37,80.65,31
16,131,40,100.0,48
16,131,28,92.16,51
16,131,4,91.67,12
16,131,55,13.33,15
16,131,41,100.0,11
16,131,23,20.0,15
16,131,56,78.79,33
16,131,60,90.91,11
16,131,58,66.67,9
16,131,24,69.23,13
16,131,47,96.77,31
16,131,59,88.24,17
16,131,46,0.0,6
16,131,5,0.0,3
16,131,2,28.57,7
16,131,44,100.0,3
16,131,42,55.56,9
16,131,43,16.67,6
16,131,12,0.0,3
16,131,0,66.67,6
16,131,13,79.49,39
16,131,8,66.67,12
16,131,16,50.0,12
16,131,20,66.67,3
16,131,34,66.67,9
16,131,51,66.67,3
16,131,25,100.0,3
16,131,3,50.0,6
16,131,49,0.0,3
17,131,56,84.85,33
17,131,18,93.44,122
17,131,17,93.99,183
17,131,7,90.0,90
17,131,20,0.0,3
17,131,31,94.19,86
17,131,28,94.12,51
17,131,59,70.59,17
17,131,61,100.0,105
17,131,22,100.0,61
17,131,19,93.87,163
17,131,32,98.1,422
17,131,10,57.14,28
17,131,13,69.23,39
17,131,57,70.73,41
17,131,23,60.0,15
17,131,35,81.82,154
17,131,60,81.82,11
17,131,39,94.95,99
17,131,24,69.23,13
17,131,38,95.31,213
17,131,21,88.89,45
17,131,3,50.0,6
17,131,53,100.0,24
17,131,1,100.0,27
17,131,16,41.67,12
17,131,45,89.29,84
17,131,40,100.0,48
17,131,54,100.0,48
17,131,37,83.87,31
17,131,27,44.44,9
17,131,12,100.0,3
17,131,8,75.0,12
17,131,49,0.0,3
17,131,29,100.0,28
17,131,55,20.0,15
17,131,46,33.33,6
17,131,2,71.43,7
17,131,14,100.0,15
17,131,42,100.0,9
17,131,30,100.0,37
17,131,47,96.77,31
17,131,5,100.0,3
17,131,34,66.67,9
17,131,58,100.0,9
17,131,41,100.0,11
17,131,0,16.67,6
17,131,6,100.0,6
17,131,4,100.0,12
17,131,43,50.0,6
17,131,44,100.0,3
17,131,51,100.0,3
17,131,25,100.0,3
18,131,18,89.34,122
18,131,28,98.04,51
18,131,34,100.0,9
18,131,59,76.47,17
18,131,38,91.55,213
18,131,49,100.0,3
18,131,17,98.91,183
18,131,32,97.63,422
18,131,40,100.0,48
18,131,19,100.0,163
18,131,30,100.0,37
18,131,47,96.77,31
18,131,7,98.89,90
18,131,35,83.77,154
18,131,37,80.65,31
18,131,8,50.0,12
18,131,57,78.05,41
18,131,54,100.0,48
18,131,21,88.89,45
18,131,27,33.33,9
18,131,61,100.0,105
18,131,39,96.97,99
18,131,60,54.55,11
18,131,29,100.0,28
18,131,22,100.0,61
18,131,45,90.48,84
18,131,14,100.0,15
18,131,43,66.67,6
18,131,55,66.67,15
18,131,0,83.33,6
18,131,56,100.0,33
18,131,16,58.33,12
18,131,42,88.89,9
18,131,1,100.0,27
18,131,3,66.67,6
18,131,2,28.57,7
18,131,31,95.35,86
18,131,13,89.74,39
18,131,58,77.78,9
18,131,24,69.23,13
18,131,10,71.43,28
18,131,46,33.33,6
18,131,53,100.0,24
18,131,5,66.67,3
18,131,4,33.33,12
18,131,6,50.0,6
18,131,23,13.33,15
18,131,12,100.0,3
18,131,41,90.91,11
18,131,44,100.0,3
18,131,25,100.0,3
18,131,51,0.0,3
18,131,20,33.33,3
19,131,58,100.0,9
19,131,7,96.67,90
19,131,35,61.69,154
19,131,22,100.0,61
19,131,53,100.0,24
19,131,17,86.89,183
19,131,45,84.52,84
19,131,2,42.86,7
19,131,54,95.83,48
19,131,21,88.89,45
19,131,32,99.05,422
19,131,19,98.16,163
19,131,61,100.0,105
19,131,29,96.43,28
19,131,38,82.63,213
19,131,39,98.99,99
19,131,30,100.0,37
19,131,31,93.02,86
19,131,12,100.0,3
19,131,18,86.89,122
19,131,40,100.0,48
19,131,4,58.33,12
19,131,13,84.62,39
19,131,28,98.04,51
19,131,41,100.0,11
19,131,23,33.33,15
19,131,24,76.92,13
19,131,37,80.65,31
19,131,59,88.24,17
19,131,57,60.98,41
19,131,60,100.0,11
19,131,42,44.44,9
19,131,47,96.77,31
19,131,34,88.89,9
19,131,20,0.0,3
19,131,8,83.33,12
19,131,25,100.0,3
19,131,46,83.33,6
19,131,56,87.88,33
19,131,10,75.0,28
19,131,1,92.59,27
19,131,55,66.67,15
19,131,0,83.33,6
19,131,44,100.0,3
19,131,27,44.44,9
19,131,16,66.67,12
19,131,51,66.67,3
19,131,6,50.0,6
19,131,14,73.33,15
19,131,43,83.33,6
19,131,3,66.67,6
19,131,49,100.0,3
19,131,5,0.0,3
20,131,7,88.89,90
20,131,28,100.0,51
20,131,25,33.33,3
20,131,19,96.93,163
20,131,57,58.54,41
20,131,8,100.0,12
20,131,35,76.62,154
20,131,38,88.73,213
20,131,22,100.0,61
20,131,61,100.0,105
20,131,32,95.97,422
20,131,39,90.91,99
20,131,21,88.89,45
20,131,41,100.0,11
20,131,53,100.0,24
20,131,18,95.08,122
20,131,54,95.83,48
20,131,31,98.84,86
20,131,17,97.27,183
20,131,45,91.67,84
20,131,40,100.0,48
20,131,14,93.33,15
20,131,56,96.97,33
20,131,29,96.43,28
20,131,55,66.67,15
20,131,59,64.71,17
20,131,13,51.28,39
20,131,1,100.0,27
20,131,47,100.0,31
20,131,30,100.0,37
20,131,43,0.0,6
20,131,37,87.1,31
20,131,42,77.78,9
20,131,10,71.43,28
20,131,23,66.67,15
20,131,4,41.67,12
20,131,0,0.0,6
20,131,60,81.82,11
20,131,58,100.0,9
20,131,44,100.0,3
20,131,16,100.0,12
20,131,34,100.0,9
20,131,2,42.86,7
20,131,6,66.67,6
20,131,24,76.92,13
20,131,20,33.33,3
20,131,5,66.67,3
20,131,27,44.44,9
20,131,51,66.67,3
20,131,3,66.67,6
20,131,46,0.0,6
20,131,49,0.0,3
20,131,12,33.33,3
21,131,32,99.53,422
21,131,18,91.8,122
21,131,61,100.0,105
21,131,10,67.86,28
21,131,19,95.71,163
21,131,17,96.72,183
21,131,38,90.61,213
21,131,31,98.84,86
21,131,53,100.0,24
21,131,45,88.1,84
21,131,55,73.33,15
21,131,35,60.39,154
21,131,42,100.0,9
21,131,22,100.0,61
21,131,39,98.99,99
21,131,21,93.33,45
21,131,47,96.77,31
21,131,16,25.0,12
21,131,7,98.89,90
21,131,44,100.0,3
21,131,13,76.92,39
21,131,12,100.0,3
21,131,1,100.0,27
21,131,24,76.92,13
21,131,28,98.04,51
21,131,54,97.92,48
21,131,40,100.0,48
21,131,37,80.65,31
21,131,30,100.0,37
21,131,4,66.67,12
21,131,23,20.0,15
21,131,27,22.22,9
21,131,29,100.0,28
21,131,57,73.17,41
21,131,14,100.0,15
21,131,58,100.0,9
21,131,60,100.0,11
21,131,0,100.0,6
21,131,46,66.67,6
21,131,25,100.0,3
21,131,56,100.0,33
21,131,6,50.0,6
21,131,43,66.67,6
21,131,34,100.0,9
21,131,3,66.67,6
21,131,2,42.86,7
21,131,51,0.0,3
21,131,49,66.67,3
21,131,59,82.35,17
21,131,8,100.0,12
21,131,41,100.0,11
21,131,20,33.33,3
21,131,5,66.67,3
22,131,32,99.05,422
22,131,40,100.0,48
22,131,22,100.0,61
22,131,18,94.26,122
22,131,17,95.63,183
22,131,7,95.56,90
22,131,21,93.33,45
22,131,19,99.39,163
22,131,45,86.9,84
22,131,24,76.92,13
22,131,61,100.0,105
22,131,30,94.59,37
22,131,60,90.91,11
22,131,38,87.79,213
22,131,39,92.93,99
22,131,31,97.67,86
22,131,14,100.0,15
22,131,37,87.1,31
22,131,56,87.88,33
22,131,35,68.83,154
22,131,29,100.0,28
22,131,28,100.0,51
22,131,54,97.92,48
22,131,5,66.67,3
22,131,53,95.83,24
22,131,27,33.33,9
22,131,8,91.67,12
22,131,2,42.86,7
22,131,12,100.0,3
22,131,1,100.0,27
22,131,57,78.05,41
22,131,16,66.67,12
22,131,13,79.49,39
22,131,46,100.0,6
22,131,47,96.77,31
22,131,41,100.0,11
22,131,55,46.67,15
22,131,42,66.67,9
22,131,34,77.78,9
22,131,4,66.67,12
22,131,59,70.59,17
22,131,43,100.0,6
22,131,10,71.43,28
22,131,58,100.0,9
22,131,23,33.33,15
22,131,6,100.0,6
22,131,51,33.33,3
22,131,0,83.33,6
22,131,25,100.0,3
22,131,44,100.0,3
22,131,20,33.33,3
22,131,49,33.33,3
22,131,3,66.67,6
23,131,38,95.31,213
23,131,40,100.0,48
23,131,28,94.12,51
23,131,18,93.44,122
23,131,31,97.67,86
23,131,7,92.22,90
23,131,46,50.0,6
23,131,17,96.17,183
23,131,32,99.29,422
23,131,10,67.86,28
23,131,39,98.99,99
23,131,19,94.48,163
23,131,2,42.86,7
23,131,45,89.29,84
23,131,44,100.0,3
23,131,54,100.0,48
23,131,37,80.65,31
23,131,1,100.0,27
23,131,35,83.77,154
23,131,13,82.05,39
23,131,61,99.05,105
23,131,57,60.98,41
23,131,58,100.0,9
23,131,29,100.0,28
23,131,22,100.0,61
23,131,30,86.49,37
23,131,53,87.5,24
23,131,14,100.0,15
23,131,47,96.77,31
23,131,23,53.33,15
23,131,56,96.97,33
23,131,59,82.35,17
23,131,24,76.92,13
23,131,4,75.0,12
23,131,21,88.89,45
23,131,27,22.22,9
23,131,43,33.33,6
23,131,0,83.33,6
23,131,8,100.0,12
23,131,41,100.0,11
23,131,55,33.33,15
23,131,16,91.67,12
23,131,60,90.91,11
23,131,34,88.89,9
23,131,3,33.33,6
23,131,6,83.33,6
23,131,42,88.89,9
23,131,49,0.0,3
23,131,51,100.0,3
23,131,12,100.0,3
23,131,20,66.67,3
23,131,25,100.0,3
23,131,5,0.0,3
24,131,19,98.16,163
24,131,45,89.29,84
24,131,32,99.29,422
24,131,13,71.79,39
24,131,29,100.0,28
24,131,56,100.0,33
24,131,22,100.0,61
24,131,14,100.0,15
24,131,18,87.7,122
24,131,55,66.67,15
24,131,7,98.89,90
24,131,1,100.0,27
24,131,59,58.82,17
24,131,40,100.0,48
24,131,61,100.0,105
24,131,38,92.02,213
24,131,31,98.84,86
24,131,57,58.54,41
24,131,17,96.17,183
24,131,37,83.87,31
24,131,35,63.64,154
24,131,39,94.95,99
24,131,21,91.11,45
24,131,10,71.43,28
24,131,54,97.92,48
24,131,28,98.04,51
24,131,41,100.0,11
24,131,43,83.33,6
24,131,24,76.92,13
24,131,42,100.0,9
24,131,16,50.0,12
24,131,46,33.33,6
24,131,44,100.0,3
24,131,8,66.67,12
24,131,23,13.33,15
24,131,47,96.77,31
24,131,6,100.0,6
24,131,60,100.0,11
24,131,53,95.83,24
24,131,30,100.0,37
24,131,5,100.0,3
24,131,34,100.0,9
24,131,58,88.89,9
24,131,27,22.22,9
24,131,3,83.33,6
24,131,2,71.43,7
24,131,49,66.67,3
24,131,0,83.33,6
24,131,25,100.0,3
24,131,51,0.0,3
24,131,4,58.33,12
24,131,20,0.0,3
24,131,12,100.0,3
25,131,32,97.87,422
25,131,55,26.67,15
25,131,61,100.0,105
25,131,4,91.67,12
25,131,38,80.75,213
25,131,18,92.62,122
25,131,7,97.78,90
25,131,28,100.0,51
25,131,19,94.48,163
25,131,17,93.99,183
25,131,40,100.0,48
25,131,54,97.92,48
25,131,39,84.85,99
25,131,37,87.1,31
25,131,45,89.29,84
25,131,35,70.13,154
25,131,56,78.79,33
25,131,58,100.0,9
25,131,31,88.37,86
25,131,13,76.92,39
25,131,47,87.1,31
25,131,23,26.67,15
25,131,22,100.0,61
25,131,21,88.89,45
25,131,41,100.0,11
25,131,10,46.43,28
25,131,27,33.33,9
25,131,57,87.8,41
25,131,34,77.78,9
25,131,8,91.67,12
25,131,29,100.0,28
25,131,30,100.0,37
25,131,53,100.0,24
25,131,14,100.0,15
25,131,42,100.0,9
25,131,16,16.67,12
25,131,25,100.0,3
25,131,0,66.67,6
25,131,24,76.92,13
25,131,20,66.67,3
25,131,43,83.33,6
25,131,3,66.67,6
25,131,46,50.0,6
25,131,1,100.0,27
25,131,51,0.0,3
25,131,60,63.64,11
25,131,59,76.47,17
25,131,6,50.0,6
25,131,49,66.67,3
25,131,2,71.43,7
25,131,5,0.0,3
25,131,12,100.0,3
25,131,44,100.0,3
26,131,5,100.0,3
26,131,32,99.29,422
26,131,22,100.0,61
26,131,14,100.0,15
26,131,37,87.1,31
26,131,35,67.53,154
26,131,7,96.67,90
26,131,18,94.26,122
26,131,17,97.27,183
26,131,19,90.8,163
26,131,40,100.0,48
26,131,38,95.77,213
26,131,21,91.11,45
26,131,61,100.0,105
26,131,1,100.0,27
26,131,54,83.33,48
26,131,45,89.29,84
26,131,39,92.93,99
26,131,57,60.98,41
26,131,27,11.11,9
26,131,56,75.76,33
26,131,31,97.67,86
26,131,55,46.67,15
26,131,4,75.0,12
26,131,24,46.15,13
26,131,28,100.0,51
26,131,13,82.05,39
26,131,10,46.43,28
26,131,53,100.0,24
26,131,30,81.08,37
26,131,23,20.0,15
26,131,29,92.86,28
26,131,47,100.0,31
26,131,46,33.33,6
26,131,51,66.67,3
26,131,16,25.0,12
26,131,49,0.0,3
26,131,20,0.0,3
26,131,2,42.86,7
26,131,0,16.67,6
26,131,41,100.0,11
26,131,25,100.0,3
26,131,58,77.78,9
26,131,3,66.67,6
26,131,59,52.94,17
26,131,8,91.67,12
26,131,44,100.0,3
26,131,60,54.55,11
26,131,6,83.33,6
26,131,34,88.89,9
26,131,43,66.67,6
26,131,12,33.33,3
26,131,42,100.0,9
27,131,61,100.0,105
27,131,39,91.92,99
27,131,32,98.82,422
27,131,35,87.66,154
27,131,40,93.75,48
27,131,18,86.07,122
27,131,57,63.41,41
27,131,19,95.09,163
27,131,38,89.67,213
27,131,29,100.0,28
27,131,27,0.0,9
27,131,14,100.0,15
27,131,17,92.9,183
27,131,31,98.84,86
27,131,7,96.67,90
27,131,56,96.97,33
27,131,46,50.0,6
27,131,0,83.33,6
27,131,28,96.08,51
27,131,60,81.82,11
27,131,43,100.0,6
27,131,23,33.33,15
27,131,10,71.43,28
27,131,6,100.0,6
27,131,47,83.87,31
27,131,21,91.11,45
27,131,37,87.1,31
27,131,54,97.92,48
27,131,53,95.83,24
27,131,25,100.0,3
27,131,55,73.33,15
27,131,1,100.0,27
27,131,41,100.0,11
27,131,45,84.52,84
27,131,22,100.0,61
27,131,4,83.33,12
27,131,16,33.33,12
27,131,34,100.0,9
27,131,59,76.47,17
27,131,13,76.92,39
27,131,24,76.92,13
27,131,42,44.44,9
27,131,30,100.0,37
27,131,2,57.14,7
27,131,49,100.0,3
27,131,58,100.0,9
27,131,8,75.0,12
27,131,12,100.0,3
27,131,3,83.33,6
27,131,51,33.33,3
27,131,20,33.33,3
27,131,5,100.0,3
27,131,44,100.0,3
28,131,53,100.0,24
28,131,35,60.39,154
28,131,61,100.0,105
28,131,30,91.89,37
28,131,39,94.95,99
28,131,56,93.94,33
28,131,25,100.0,3
28,131,32,99.53,422
28,131,18,91.8,122
28,131,17,96.17,183
28,131,38,88.73,213
28,131,7,94.44,90
28,131,19,98.16,163
28,131,49,100.0,3
28,131,14,100.0,15
28,131,21,93.33,45
28,131,13,79.49,39
28,131,47,96.77,31
28,131,45,89.29,84
28,131,22,100.0,61
28,131,54,95.83,48
28,131,4,58.33,12
28,131,8,91.67,12
28,131,10,57.14,28
28,131,55,53.33,15
28,131,40,100.0,48
28,131,58,100.0,9
28,131,28,98.04,51
28,131,31,96.51,86
28,131,27,22.22,9
28,131,29,89.29,28
28,131,57,85.37,41
28,131,44,100.0,3
28,131,24,76.92,13
28,131,16,83.33,12
28,131,59,88.24,17
28,131,1,100.0,27
28,131,23,80.0,15
28,131,51,33.33,3
28,131,3,66.67,6
28,131,6,100.0,6
28,131,37,87.1,31
28,131,60,63.64,11
28,131,42,44.44,9
28,131,34,77.78,9
28,131,2,42.86,7
28,131,46,33.33,6
28,131,5,100.0,3
28,131,0,33.33,6
28,131,43,100.0,6
28,131,20,66.67,3
28,131,41,100.0,11
28,131,12,100.0,3
29,131,38,84.04,213
29,131,25,100.0,3
29,131,54,100.0,48
29,131,32,99.29,422
29,131,19,98.77,163
29,131,17,96.72,183
29,131,16,83.33,12
29,131,41,90.91,11
29,131,34,88.89,9
29,131,35,74.68,154
29,131,10,60.71,28
29,131,61,100.0,105
29,131,28,100.0,51
29,131,22,100.0,61
29,131,57,85.37,41
29,131,39,94.95,99
29,131,31,95.35,86
29,131,21,91.11,45
29,131,29,92.86,28
29,131,37,87.1,31
29,131,3,66.67,6
29,131,7,92.22,90
29,131,45,86.9,84
29,131,59,82.35,17
29,131,18,94.26,122
29,131,53,100.0,24
29,131,1,100.0,27
29,131,58,100.0,9
29,131,23,0.0,15
29,131,4,58.33,12
29,131,24,76.92,13
29,131,30,81.08,37
29,131,56,96.97,33
29,131,40,100.0,48
29,131,49,33.33,3
29,131,0,83.33,6
29,131,47,96.77,31
29,131,13,87.18,39
29,131,55,26.67,15
29,131,20,33.33,3
29,131,43,33.33,6
29,131,27,44.44,9
29,131,42,66.67,9
29,131,8,100.0,12
29,131,14,93.33,15
29,131,60,100.0,11
29,131,46,50.0,6
29,131,6,100.0,6
29,131,2,71.43,7
29,131,44,100.0,3
29,131,5,100.0,3
29,131,12,100.0,3
29,131,51,66.67,3
30,131,45,92.86,84
30,131,57,60.98,41
30,131,32,99.29,422
30,131,17,97.27,183
30,131,35,66.88,154
30,131,7,93.33,90
30,131,19,98.77,163
30,131,61,99.05,105
30,131,21,93.33,45
30,131,1,100.0,27
30,131,29,89.29,28
30,131,22,100.0,61
30,131,38,90.14,213
30,131,37,77.42,31
30,131,23,80.0,15
30,131,40,100.0,48
30,131,56,78.79,33
30,131,49,100.0,3
30,131,39,92.93,99
30,131,10,71.43,28
30,131,47,93.55,31
30,131,34,66.67,9
30,131,30,72.97,37
30,131,13,76.92,39
30,131,31,96.51,86
30,131,28,100.0,51
30,131,18,94.26,122
30,131,42,100.0,9
30,131,54,87.5,48
30,131,59,76.47,17
30,131,8,91.67,12
30,131,16,50.0,12
30,131,55,13.33,15
30,131,53,100.0,24
30,131,51,0.0,3
30,131,14,100.0,15
30,131,24,69.23,13
30,131,41,100.0,11
30,131,20,66.67,3
30,131,4,66.67,12
30,131,2,14.29,7
30,131,6,83.33,6
30,131,60,100.0,11
30,131,5,100.0,3
30,131,3,83.33,6
30,131,27,44.44,9
30,131,58,100.0,9
30,131,46,50.0,6
30,131,43,66.67,6
30,131,0,0.0,6
30,131,44,100.0,3
30,131,25,100.0,3
30,131,12,100.0,3
31,131,61,99.05,105
31,131,18,93.44,122
31,131,32,98.82,422
31,131,22,100.0,61
31,131,13,79.49,39
31,131,49,100.0,3
31,131,21,93.33,45
31,131,19,96.32,163
31,131,35,79.87,154
31,131,38,75.59,213
31,131,17,97.27,183
31,131,7,98.89,90
31,131,39,98.99,99
31,131,23,93.33,15
31,131,45,86.9,84
31,131,40,95.83,48
31,131,10,89.29,28
31,131,28,100.0,51
31,131,54,100.0,48
31,131,31,98.84,86
31,131,24,76.92,13
31,131,30,100.0,37
31,131,59,88.24,17
31,131,41,100.0,11
31,131,47,93.55,31
31,131,43,66.67,6
31,131,34,100.0,9
31,131,56,100.0,33
31,131,14,100.0,15
31,131,58,100.0,9
31,131,60,81.82,11
31,131,53,95.83,24
31,131,16,41.67,12
31,131,0,83.33,6
31,131,29,100.0,28
31,131,37,90.32,31
31,131,3,83.33,6
31,131,1,100.0,27
31,131,57,90.24,41
31,131,2,85.71,7
31,131,6,83.33,6
31,131,8,100.0,12
31,131,55,60.0,15
31,131,4,58.33,12
31,131,27,66.67,9
31,131,12,100.0,3
31,131,51,0.0,3
31,131,42,88.89,9
31,131,20,66.67,3
31,131,46,50.0,6
31,131,5,100.0,3
31,131,44,100.0,3
31,131,25,100.0,3
32,131,18,90.16,122
32,131,61,100.0,105
32,131,30,100.0,37
32,131,53,100.0,24
32,131,57,92.68,41
32,131,56,100.0,33
32,131,37,90.32,31
32,131,32,98.34,422
32,131,7,97.78,90
32,131,45,88.1,84
32,131,10,67.86,28
32,131,38,77.0,213
32,131,19,96.93,163
32,131,17,95.08,183
32,131,39,91.92,99
32,131,13,84.62,39
32,131,14,100.0,15
32,131,35,75.32,154
32,131,1,100.0,27
32,131,8,75.0,12
32,131,31,95.35,86
32,131,22,100.0,61
32,131,34,100.0,9
32,131,40,95.83,48
32,131,28,100.0,51
32,131,4,66.67,12
32,131,46,50.0,6
32,131,47,93.55,31
32,131,29,100.0,28
32,131,21,71.11,45
32,131,0,83.33,6
32,131,27,55.56,9
32,131,42,88.89,9
32,131,24,76.92,13
32,131,54,100.0,48
32,131,2,57.14,7
32,131,25,100.0,3
32,131,49,100.0,3
32,131,3,83.33,6
32,131,41,100.0,11
32,131,59,88.24,17
32,131,58,88.89,9
32,131,51,66.67,3
32,131,60,90.91,11
32,131,55,40.0,15
32,131,44,100.0,3
32,131,23,73.33,15
32,131,43,66.67,6
32,131,12,66.67,3
32,131,6,100.0,6
32,131,5,66.67,3
32,131,16,33.33,12
32,131,20,33.33,3
33,131,32,98.58,422
33,131,19,98.16,163
33,131,7,95.56,90
33,131,17,96.72,183
33,131,54,100.0,48
33,131,59,88.24,17
33,131,45,89.29,84
33,131,38,86.85,213
33,131,35,72.08,154
33,131,14,100.0,15
33,131,60,100.0,11
33,131,18,94.26,122
33,131,13,87.18,39
33,131,29,100.0,28
33,131,31,98.84,86
33,131,0,83.33,6
33,131,37,93.55,31
33,131,61,99.05,105
33,131,57,82.93,41
33,131,2,42.86,7
33,131,56,100.0,33
33,131,34,100.0,9
33,131,4,58.33,12
33,131,40,100.0,48
33,131,1,100.0,27
33,131,27,44.44,9
33,131,28,100.0,51
33,131,47,96.77,31
33,131,30,100.0,37
33,131,39,98.99,99
33,131,21,91.11,45
33,131,53,100.0,24
33,131,10,75.0,28
33,131,24,76.92,13
33,131,22,100.0,61
33,131,42,88.89,9
33,131,41,100.0,11
33,131,43,33.33,6
33,131,58,100.0,9
33,131,23,53.33,15
33,131,8,100.0,12
33,131,46,16.67,6
33,131,55,73.33,15
33,131,16,75.0,12
33,131,5,66.67,3
33,131,12,66.67,3
33,131,3,66.67,6
33,131,49,66.67,3
33,131,6,83.33,6
33,131,25,100.0,3
33,131,44,100.0,3
33,131,51,66.67,3
33,131,20,33.33,3
34,131,21,84.44,45
34,131,32,98.58,422
34,131,8,100.0,12
34,131,61,100.0,105
34,131,35,70.13,154
34,131,30,100.0,37
34,131,43,66.67,6
34,131,28,90.2,51
34,131,18,85.25,122
34,131,31,97.67,86
34,131,34,66.67,9
34,131,13,89.74,39
34,131,19,92.64,163
34,131,29,96.43,28
34,131,22,100.0,61
34,131,39,89.9,99
34,131,38,89.67,213
34,131,12,100.0,3
34,131,45,86.9,84
34,131,17,92.9,183
34,131,14,100.0,15
34,131,55,53.33,15
34,131,42,77.78,9
34,131,41,100.0,11
34,131,7,88.89,90
34,131,47,93.55,31
34,131,53,100.0,24
34,131,10,71.43,28
34,131,40,95.83,48
34,131,1,100.0,27
34,131,3,66.67,6
34,131,24,76.92,13
34,131,57,70.73,41
34,131,6,33.33,6
34,131,59,76.47,17
34,131,56,100.0,33
34,131,37,83.87,31
34,131,54,100.0,48
34,131,49,33.33,3
34,131,20,33.33,3
34,131,2,42.86,7
34,131,16,58.33,12
34,131,5,100.0,3
34,131,4,75.0,12
34,131,46,33.33,6
34,131,0,83.33,6
34,131,23,53.33,15
34,131,27,33.33,9
34,131,58,100.0,9
34,131,60,63.64,11
34,131,25,100.0,3
34,131,44,100.0,3
34,131,51,100.0,3
35,131,61,100.0,105
35,131,47,93.55,31
35,131,35,78.57,154
35,131,18,86.07,122
35,131,32,98.1,422
35,131,38,92.49,213
35,131,45,85.71,84
35,131,22,100.0,61
35,131,21,88.89,45
35,131,55,73.33,15
35,131,30,97.3,37
35,131,19,99.39,163
35,131,56,93.94,33
35,131,7,94.44,90
35,131,54,100.0,48
35,131,39,95.96,99
35,131,59,88.24,17
35,131,8,100.0,12
35,131,57,73.17,41
35,131,17,94.54,183
35,131,31,98.84,86
35,131,29,89.29,28
35,131,40,100.0,48
35,131,37,90.32,31
35,131,23,53.33,15
35,131,4,66.67,12
35,131,10,85.71,28
35,131,28,96.08,51
35,131,41,100.0,11
35,131,24,76.92,13
35,131,53,100.0,24
35,131,16,41.67,12
35,131,13,87.18,39
35,131,1,100.0,27
35,131,43,66.67,6
35,131,6,83.33,6
35,131,44,100.0,3
35,131,34,100.0,9
35,131,58,100.0,9
35,131,42,88.89,9
35,131,5,100.0,3
35,131,14,100.0,15
35,131,12,100.0,3
35,131,27,22.22,9
35,131,0,83.33,6
35,131,20,33.33,3
35,131,60,63.64,11
35,131,51,0.0,3
35,131,2,42.86,7
35,131,46,66.67,6
35,131,3,83.33,6
35,131,25,100.0,3
35,131,49,100.0,3
36,131,32,98.58,422
36,131,40,100.0,48
36,131,17,96.17,183
36,131,61,99.05,105
36,131,23,66.67,15
36,131,39,98.99,99
36,131,38,95.77,213
36,131,13,89.74,39
36,131,7,95.56,90
36,131,6,83.33,6
36,131,10,82.14,28
36,131,19,98.16,163
36,131,54,100.0,48
36,131,18,92.62,122
36,131,45,88.1,84
36,131,20,66.67,3
36,131,31,94.19,86
36,131,35,75.97,154
36,131,0,83.33,6
36,131,60,90.91,11
36,131,22,100.0,61
36,131,30,97.3,37
36,131,57,68.29,41
36,131,37,80.65,31
36,131,34,88.89,9
36,131,53,100.0,24
36,131,56,100.0,33
36,131,29,100.0,28
36,131,14,100.0,15
36,131,28,100.0,51
36,131,25,100.0,3
36,131,21,88.89,45
36,131,12,100.0,3
36,131,4,83.33,12
36,131,42,100.0,9
36,131,46,50.0,6
36,131,41,100.0,11
36,131,1,100.0,27
36,131,2,42.86,7
36,131,24,76.92,13
36,131,51,66.67,3
36,131,3,83.33,6
36,131,55,66.67,15
36,131,59,88.24,17
36,131,47,93.55,31
36,131,49,66.67,3
36,131,27,55.56,9
36,131,44,100.0,3
36,131,16,75.0,12
36,131,58,100.0,9
36,131,8,100.0,12
36,131,5,100.0,3
36,131,43,83.33,6
37,131,1,100.0,27
37,131,31,96.51,86
37,131,28,98.04,51
37,131,35,78.57,154
37,131,38,95.77,213
37,131,32,98.82,422
37,131,18,89.34,122
37,131,45,88.1,84
37,131,21,91.11,45
37,131,56,96.97,33
37,131,17,89.07,183
37,131,7,92.22,90
37,131,39,94.95,99
37,131,0,83.33,6
37,131,19,98.16,163
37,131,40,100.0,48
37,131,10,78.57,28
37,131,37,77.42,31
37,131,13,84.62,39
37,131,47,93.55,31
37,131,53,100.0,24
37,131,22,100.0,61
37,131,61,100.0,105
37,131,57,65.85,41
37,131,54,97.92,48
37,131,29,100.0,28
37,131,30,97.3,37
37,131,12,100.0,3
37,131,24,76.92,13
37,131,3,83.33,6
37,131,14,100.0,15
37,131,6,100.0,6
37,131,55,73.33,15
37,131,60,81.82,11
37,131,44,100.0,3
37,131,8,100.0,12
37,131,4,100.0,12
37,131,41,100.0,11
37,131,46,50.0,6
37,131,20,33.33,3
37,131,42,77.78,9
37,131,59,88.24,17
37,131,23,60.0,15
37,131,2,57.14,7
37,131,34,88.89,9
37,131,58,100.0,9
37,131,16,66.67,12
37,131,43,100.0,6
37,131,51,100.0,3
37,131,27,55.56,9
37,131,25,100.0,3
37,131,5,100.0,3
37,131,49,0.0,3
38,131,32,97.39,422
38,131,19,95.71,163
38,131,29,100.0,28
38,131,35,70.13,154
38,131,17,89.62,183
38,131,45,89.29,84
38,131,7,97.78,90
38,131,39,96.97,99
38,131,31,97.67,86
38,131,54,100.0,48
38,131,57,68.29,41
38,131,18,91.8,122
38,131,38,97.18,213
38,131,8,100.0,12
38,131,34,88.89,9
38,131,47,96.77,31
38,131,13,89.74,39
38,131,37,87.1,31
38,131,5,100.0,3
38,131,23,93.33,15
38,131,40,93.75,48
38,131,16,41.67,12
38,131,56,100.0,33
38,131,21,84.44,45
38,131,61,100.0,105
38,131,22,100.0,61
38,131,27,55.56,9
38,131,1,100.0,27
38,131,53,100.0,24
38,131,10,71.43,28
38,131,30,100.0,37
38,131,28,96.08,51
38,131,59,82.35,17
38,131,41,100.0,11
38,131,51,100.0,3
38,131,24,76.92,13
38,131,12,100.0,3
38,131,3,66.67,6
38,131,60,63.64,11
38,131,14,100.0,15
38,131,58,100.0,9
38,131,55,80.0,15
38,131,0,83.33,6
38,131,49,33.33,3
38,131,46,50.0,6
38,131,20,33.33,3
38,131,2,42.86,7
38,131,42,55.56,9
38,131,6,66.67,6
38,131,25,100.0,3
38,131,4,91.67,12
38,131,44,100.0,3
38,131,43,100.0,6
39,131,7,98.89,90
39,131,31,98.84,86
39,131,4,83.33,12
39,131,42,100.0,9
39,131,18,91.8,122
39,131,47,100.0,31
39,131,17,95.63,183
39,131,6,50.0,6
39,131,45,92.86,84
39,131,32,99.05,422
39,131,56,96.97,33
39,131,38,84.98,213
39,131,13,79.49,39
39,131,61,100.0,105
39,131,24,76.92,13
39,131,28,100.0,51
39,131,35,72.73,154
39,131,34,66.67,9
39,131,19,98.77,163
39,131,1,100.0,27
39,131,55,66.67,15
39,131,30,91.89,37
39,131,39,96.97,99
39,131,23,46.67,15
39,131,22,100.0,61
39,131,21,86.67,45
39,131,0,83.33,6
39,131,54,95.83,48
39,131,37,87.1,31
39,131,57,80.49,41
39,131,27,77.78,9
39,131,20,66.67,3
39,131,10,42.86,28
39,131,8,100.0,12
39,131,53,100.0,24
39,131,29,100.0,28
39,131,58,100.0,9
39,131,14,100.0,15
39,131,2,57.14,7
39,131,59,82.35,17
39,131,5,66.67,3
39,131,12,100.0,3
39,131,40,95.83,48
39,131,41,100.0,11
39,131,3,66.67,6
39,131,46,33.33,6
39,131,60,27.27,11
39,131,51,66.67,3
39,131,49,33.33,3
39,131,44,100.0,3
39,131,16,41.67,12
39,131,43,100.0,6
39,131,25,66.67,3
40,131,38,88.73,213
40,131,54,100.0,48
40,131,20,66.67,3
40,131,19,98.77,163
40,131,57,85.37,41
40,131,61,100.0,105
40,131,21,91.11,45
40,131,18,90.98,122
40,131,32,98.34,422
40,131,45,88.1,84
40,131,35,61.69,154
40,131,39,92.93,99
40,131,17,89.62,183
40,131,30,91.89,37
40,131,8,100.0,12
40,131,1,100.0,27
40,131,28,98.04,51
40,131,7,87.78,90
40,131,31,98.84,86
40,131,3,83.33,6
40,131,13,74.36,39
40,131,29,100.0,28
40,131,10,71.43,28
40,131,56,96.97,33
40,131,4,75.0,12
40,131,24,76.92,13
40,131,43,66.67,6
40,131,40,100.0,48
40,131,55,60.0,15
40,131,22,100.0,61
40,131,60,63.64,11
40,131,37,77.42,31
40,131,47,93.55,31
40,131,27,66.67,9
40,131,42,55.56,9
40,131,23,93.33,15
40,131,59,82.35,17
40,131,16,100.0,12
40,131,53,100.0,24
40,131,14,100.0,15
40,131,49,66.67,3
40,131,5,100.0,3
40,131,41,100.0,11
40,131,58,100.0,9
40,131,12,100.0,3
40,131,25,66.67,3
40,131,46,50.0,6
40,131,6,100.0,6
40,131,51,100.0,3
40,131,34,88.89,9
40,131,0,83.33,6
40,131,44,100.0,3
40,131,2,42.86,7
41,131,38,80.28,213
41,131,40,100.0,48
41,131,39,91.92,99
41,131,32,97.63,422
41,131,35,74.03,154
41,131,51,66.67,3
41,131,1,100.0,27
41,131,0,0.0,6
41,131,18,95.08,122
41,131,17,95.63,183
41,131,61,99.05,105
41,131,7,98.89,90
41,131,19,99.39,163
41,131,22,100.0,61
41,131,31,98.84,86
41,131,45,89.29,84
41,131,27,66.67,9
41,131,13,84.62,39
41,131,23,33.33,15
41,131,16,50.0,12
41,131,57,90.24,41
41,131,6,33.33,6
41,131,37,83.87,31
41,131,59,70.59,17
41,131,56,90.91,33
41,131,10,60.71,28
41,131,21,88.89,45
41,131,29,100.0,28
41,131,53,100.0,24
41,131,28,100.0,51
41,131,20,33.33,3
41,131,47,100.0,31
41,131,42,55.56,9
41,131,30,97.3,37
41,131,54,100.0,48
41,131,34,88.89,9
41,131,55,46.67,15
41,131,46,33.33,6
41,131,8,100.0,12
41,131,41,100.0,11
41,131,2,57.14,7
41,131,60,63.64,11
41,131,4,83.33,12
41,131,58,100.0,9
41,131,24,76.92,13
41,131,14,100.0,15
41,131,44,100.0,3
41,131,49,0.0,3
41,131,3,66.67,6
41,131,43,33.33,6
41,131,12,100.0,3
41,131,5,100.0,3
41,131,25,33.33,3
42,131,31,98.84,86
42,131,17,93.99,183
42,131,61,99.05,105
42,131,40,97.92,48
42,131,3,83.33,6
42,131,38,97.18,213
42,131,18,95.08,122
42,131,32,98.58,422
42,131,10,67.86,28
42,131,35,80.52,154
42,131,7,96.67,90
42,131,60,45.45,11
42,131,29,100.0,28
42,131,19,98.16,163
42,131,4,41.67,12
42,131,39,95.96,99
42,131,14,100.0,15
42,131,21,91.11,45
42,131,23,80.0,15
42,131,30,81.08,37
42,131,57,58.54,41
42,131,59,82.35,17
42,131,13,87.18,39
42,131,43,83.33,6
42,131,47,96.77,31
42,131,37,87.1,31
42,131,28,98.04,51
42,131,22,100.0,61
42,131,54,100.0,48
42,131,42,66.67,9
42,131,45,89.29,84
42,131,56,96.97,33
42,131,1,100.0,27
42,131,27,33.33,9
42,131,51,66.67,3
42,131,55,46.67,15
42,131,8,66.67,12
42,131,53,100.0,24
42,131,0,83.33,6
42,131,46,0.0,6
42,131,34,100.0,9
42,131,58,66.67,9
42,131,25,33.33,3
42,131,41,100.0,11
42,131,16,66.67,12
42,131,6,33.33,6
42,131,5,100.0,3
42,131,24,76.92,13
42,131,44,100.0,3
42,131,12,100.0,3
42,131,20,33.33,3
42,131,2,42.86,7
42,131,49,0.0,3
43,131,38,92.49,213
43,131,47,96.77,31
43,131,19,92.02,163
43,131,55,66.67,15
43,131,32,97.39,422
43,131,24,76.92,13
43,131,39,100.0,99
43,131,35,75.32,154
43,131,56,100.0,33
43,131,16,75.0,12
43,131,34,100.0,9
43,131,17,93.44,183
43,131,45,91.67,84
43,131,21,75.56,45
43,131,61,100.0,105
43,131,31,98.84,86
43,131,30,100.0,37
43,131,22,100.0,61
43,131,28,98.04,51
43,131,60,27.27,11
43,131,59,82.35,17
43,131,44,100.0,3
43,131,14,100.0,15
43,131,18,94.26,122
43,131,53,100.0,24
43,131,54,100.0,48
43,131,57,73.17,41
43,131,51,66.67,3
43,131,7,96.67,90
43,131,5,100.0,3
43,131,40,100.0,48
43,131,42,100.0,9
43,131,13,87.18,39
43,131,37,90.32,31
43,131,27,33.33,9
43,131,6,50.0,6
43,131,1,100.0,27
43,131,23,53.33,15
43,131,29,71.43,28
43,131,10,78.57,28
43,131,41,100.0,11
43,131,58,66.67,9
43,131,46,50.0,6
43,131,4,100.0,12
43,131,3,66.67,6
43,131,43,50.0,6
43,131,2,42.86,7
43,131,12,100.0,3
43,131,8,66.67,12
43,131,49,100.0,3
43,131,20,33.33,3
43,131,0,83.33,6
43,131,25,100.0,3
44,131,35,81.82,154
44,131,8,75.0,12
44,131,59,76.47,17
44,131,19,97.55,163
44,131,47,96.77,31
44,131,17,93.44,183
44,131,32,98.1,422
44,131,38,92.02,213
44,131,45,88.1,84
44,131,1,100.0,27
44,131,10,78.57,28
44,131,22,100.0,61
44,131,18,90.16,122
44,131,13,92.31,39
44,131,56,100.0,33
44,131,31,98.84,86
44,131,5,0.0,3
44,131,3,66.67,6
44,131,61,100.0,105
44,131,23,20.0,15
44,131,24,76.92,13
44,131,39,94.95,99
44,131,29,100.0,28
44,131,30,97.3,37
44,131,40,100.0,48
44,131,28,100.0,51
44,131,7,96.67,90
44,131,57,68.29,41
44,131,37,74.19,31
44,131,21,86.67,45
44,131,6,33.33,6
44,131,43,100.0,6
44,131,46,50.0,6
44,131,41,100.0,11
44,131,4,75.0,12
44,131,54,100.0,48
44,131,14,100.0,15
44,131,53,100.0,24
44,131,55,33.33,15
44,131,34,66.67,9
44,131,16,58.33,12
44,131,2,71.43,7
44,131,60,72.73,11
44,131,58,100.0,9
44,131,0,50.0,6
44,131,42,77.78,9
44,131,27,55.56,9
44,131,20,33.33,3
44,131,44,100.0,3
44,131,49,66.67,3
44,131,51,33.33,3
44,131,12,100.0,3
44,131,25,100.0,3
45,131,54,100.0,48
45,131,1,100.0,27
45,131,17,92.35,183
45,131,19,99.39,163
45,131,40,100.0,48
45,131,18,88.52,122
45,131,60,72.73,11
45,131,32,96.45,422
45,131,38,97.18,213
45,131,61,100.0,105
45,131,35,66.88,154
45,131,45,89.29,84
45,131,7,96.67,90
45,131,39,97.98,99
45,131,23,86.67,15
45,131,57,56.1,41
45,131,13,82.05,39
45,131,53,95.83,24
45,131,22,100.0,61
45,131,6,33.33,6
45,131,21,91.11,45
45,131,16,91.67,12
45,131,4,75.0,12
45,131,47,96.77,31
45,131,30,97.3,37
45,131,12,100.0,3
45,131,20,66.67,3
45,131,14,100.0,15
45,131,31,94.19,86
45,131,28,98.04,51
45,131,43,83.33,6
45,131,58,88.89,9
45,131,56,96.97,33
45,131,55,66.67,15
45,131,37,87.1,31
45,131,34,100.0,9
45,131,3,83.33,6
45,131,29,57.14,28
45,131,0,66.67,6
45,131,41,100.0,11
45,131,42,88.89,9
45,131,2,42.86,7
45,131,8,58.33,12
45,131,27,11.11,9
45,131,24,76.92,13
45,131,46,0.0,6
45,131,10,67.86,28
45,131,59,82.35,17
45,131,44,100.0,3
45,131,51,66.67,3
45,131,49,33.33,3
45,131,5,100.0,3
45,131,25,100.0,3
46,131,14,53.33,15
46,131,17,95.63,183
46,131,18,90.98,122
46,131,35,64.94,154
46,131,7,93.33,90
46,131,19,100.0,163
46,131,30,97.3,37
46,131,32,97.63,422
46,131,61,100.0,105
46,131,38,89.67,213
46,131,57,63.41,41
46,131,47,96.77,31
46,131,23,53.33,15
46,131,13,79.49,39
46,131,37,87.1,31
46,131,24,76.92,13
46,131,1,100.0,27
46,131,54,100.0,48
46,131,39,91.92,99
46,131,28,100.0,51
46,131,31,95.35,86
46,131,2,57.14,7
46,131,40,100.0,48
46,131,56,100.0,33
46,131,34,100.0,9
46,131,58,88.89,9
46,131,27,55.56,9
46,131,22,100.0,61
46,131,45,89.29,84
46,131,10,67.86,28
46,131,29,100.0,28
46,131,8,100.0,12
46,131,55,60.0,15
46,131,41,100.0,11
46,131,60,81.82,11
46,131,53,100.0,24
46,131,21,91.11,45
46,131,16,100.0,12
46,131,20,33.33,3
46,131,3,83.33,6
46,131,51,66.67,3
46,131,0,83.33,6
46,131,12,100.0,3
46,131,4,66.67,12
46,131,44,100.0,3
46,131,49,0.0,3
46,131,42,22.22,9
46,131,6,66.67,6
46,131,46,33.33,6
46,131,59,76.47,17
46,131,43,100.0,6
46,131,25,100.0,3
46,131,5,66.67,3
47,131,19,98.16,163
47,131,18,91.8,122
47,131,40,100.0,48
47,131,32,98.34,422
47,131,45,85.71,84
47,131,54,97.92,48
47,131,38,87.32,213
47,131,21,88.89,45
47,131,39,97.98,99
47,131,17,97.27,183
47,131,61,99.05,105
47,131,7,96.67,90
47,131,35,70.78,154
47,131,47,100.0,31
47,131,23,66.67,15
47,131,59,64.71,17
47,131,37,83.87,31
47,131,42,77.78,9
47,131,28,90.2,51
47,131,31,98.84,86
47,131,14,100.0,15
47,131,10,67.86,28
47,131,13,82.05,39
47,131,3,66.67,6
47,131,22,100.0,61
47,131,58,100.0,9
47,131,0,83.33,6
47,131,34,88.89,9
47,131,56,100.0,33
47,131,30,100.0,37
47,131,55,46.67,15
47,131,57,65.85,41
47,131,46,66.67,6
47,131,1,100.0,27
47,131,2,71.43,7
47,131,29,100.0,28
47,131,53,100.0,24
47,131,41,100.0,11
47,131,16,8.33,12
47,131,4,91.67,12
47,131,6,100.0,6
47,131,8,91.67,12
47,131,51,66.67,3
47,131,27,55.56,9
47,131,5,100.0,3
47,131,60,90.91,11
47,131,49,33.33,3
47,131,44,100.0,3
47,131,43,66.67,6
47,131,25,100.0,3
47,131,24,76.92,13
47,131,12,66.67,3
47,131,20,33.33,3
48,131,17,90.16,183
48,131,32,98.82,422
48,131,19,100.0,163
48,131,35,71.43,154
48,131,1,100.0,27
48,131,18,89.34,122
48,131,21,91.11,45
48,131,54,100.0,48
48,131,30,83.78,37
48,131,46,50.0,6
48,131,23,86.67,15
48,131,60,100.0,11
48,131,29,82.14,28
48,131,45,86.9,84
48,131,38,92.96,213
48,131,13,87.18,39
48,131,22,100.0,61
48,131,10,78.57,28
48,131,7,97.78,90
48,131,24,76.92,13
48,131,31,98.84,86
48,131,5,33.33,3
48,131,44,100.0,3
48,131,57,63.41,41
48,131,37,93.55,31
48,131,41,100.0,11
48,131,61,100.0,105
48,131,28,100.0,51
48,131,56,100.0,33
48,131,2,71.43,7
48,131,58,88.89,9
48,131,40,100.0,48
48,131,47,96.77,31
48,131,6,16.67,6
48,131,39,96.97,99
48,131,59,94.12,17
48,131,43,66.67,6
48,131,3,66.67,6
48,131,34,88.89,9
48,131,0,83.33,6
48,131,14,53.33,15
48,131,53,100.0,24
48,131,12,100.0,3
48,131,55,33.33,15
48,131,4,66.67,12
48,131,8,91.67,12
48,131,42,77.78,9
48,131,25,100.0,3
48,131,27,77.78,9
48,131,16,66.67,12
48,131,51,100.0,3
48,131,49,0.0,3
48,131,20,66.67,3
49,131,32,99.53,422
49,131,2,71.43,7
49,131,38,88.73,213
49,131,19,100.0,163
49,131,10,75.0,28
49,131,45,89.29,84
49,131,53,100.0,24
49,131,60,81.82,11
49,131,22,100.0,61
49,131,31,98.84,86
49,131,7,88.89,90
49,131,17,93.99,183
49,131,28,100.0,51
49,131,20,33.33,3
49,131,29,100.0,28
49,131,40,100.0,48
49,131,35,72.73,154
49,131,21,91.11,45
49,131,16,33.33,12
49,131,56,96.97,33
49,131,61,100.0,105
49,131,8,83.33,12
49,131,18,91.8,122
49,131,4,83.33,12
49,131,37,64.52,31
49,131,59,82.35,17
49,131,57,58.54,41
49,131,39,93.94,99
49,131,54,95.83,48
49,131,34,66.67,9
49,131,3,66.67,6
49,131,30,100.0,37
49,131,13,79.49,39
49,131,23,80.0,15
49,131,6,100.0,6
49,131,42,33.33,9
49,131,1,100.0,27
49,131,55,13.33,15
49,131,24,76.92,13
49,131,47,96.77,31
49,131,0,83.33,6
49,131,49,0.0,3
49,131,14,60.0,15
49,131,41,100.0,11
49,131,58,100.0,9
49,131,27,44.44,9
49,131,25,100.0,3
49,131,43,100.0,6
49,131,44,100.0,3
49,131,12,100.0,3
49,131,5,33.33,3
49,131,46,50.0,6
49,131,51,0.0,3
50,131,39,95.96,99
50,131,61,99.05,105
50,131,38,87.79,213
50,131,17,91.8,183
50,131,32,98.1,422
50,131,45,91.67,84
50,131,35,83.12,154
50,131,22,100.0,61
50,131,19,99.39,163
50,131,31,98.84,86
50,131,29,100.0,28
50,131,7,88.89,90
50,131,18,94.26,122
50,131,57,85.37,41
50,131,21,86.67,45
50,131,23,40.0,15
50,131,37,80.65,31
50,131,28,100.0,51
50,131,49,0.0,3
50,131,55,46.67,15
50,131,27,100.0,9
50,131,1,100.0,27
50,131,54,100.0,48
50,131,4,91.67,12
50,131,40,100.0,48
50,131,13,87.18,39
50,131,14,86.67,15
50,131,53,95.83,24
50,131,56,96.97,33
50,131,34,66.67,9
50,131,41,90.91,11
50,131,10,75.0,28
50,131,30,89.19,37
50,131,51,66.67,3
50,131,24,76.92,13
50,131,47,100.0,31
50,131,60,81.82,11
50,131,44,100.0,3
50,131,2,71.43,7
50,131,5,33.33,3
50,131,0,0.0,6
50,131,20,33.33,3
50,131,8,91.67,12
50,131,16,50.0,12
50,131,59,82.35,17
50,131,3,66.67,6
50,131,42,88.89,9
50,131,6,100.0,6
50,131,58,100.0,9
50,131,46,50.0,6
50,131,43,83.33,6
50,131,25,100.0,3
50,131,12,100.0,3
